behind_leader,behind_next,best_laptime,best_sector1,best_sector2,current_laptime,current_sector1,current_sector2,elapsed,elapsed_time,estimated_laptime,estimated_time_into,lap_number,last_laptime,last_sector1,last_sector2,start
0.0,0.0,154.1432647705078,41.09953308105469,108.64686584472656,0.032175292968759095,-1.0,-1.0,370.8025,370.8025,138.9021759033203,0.015180610120296478,2,154.1432647705078,41.09953308105469,108.64686584472656,370.77032470703125
