bias_front,elapsed_time,lap_number,pressure_0,pressure_1,pressure_2,pressure_3,temperature_0,temperature_1,temperature_2,temperature_3
0.5300000011920929,3182.96,4,0.0,0.0,0.0,0.0,25.015893554687523,25.015893554687523,25.017327880859398,25.017327880859398
0.53,3506.5925,5,0.0,0.0,0.0,0.0,385.99451756089456,354.35599427035413,384.9629240816224,369.92478175508063
0.53,3506.6925,6,0.0,0.0,0.0,0.0,383.98160743697485,352.5167535819255,382.9096396889247,367.9528064283053
