camber_0,camber_1,camber_2,camber_3,elapsed_time,is_detached_0,is_detached_1,is_detached_2,is_detached_3,is_offroad,lap_number,position_vertical_0,position_vertical_1,position_vertical_2,position_vertical_3,ride_height_0,ride_height_1,ride_height_2,ride_height_3,rotation_0,rotation_1,rotation_2,rotation_3,slip_angle_fl,slip_angle_fr,slip_angle_rl,slip_angle_rr,suspension_deflection_0,suspension_deflection_1,suspension_deflection_2,suspension_deflection_3,suspension_force_0,suspension_force_1,suspension_force_2,suspension_force_3,third_spring_deflection_0,third_spring_deflection_1,third_spring_deflection_2,third_spring_deflection_3,toe_0,toe_1,toe_2,toe_3,toe_symmetric_0,toe_symmetric_1,toe_symmetric_2,toe_symmetric_3,velocity_lateral_0,velocity_lateral_1,velocity_lateral_2,velocity_lateral_3,velocity_longitudinal_0,velocity_longitudinal_1,velocity_longitudinal_2,velocity_longitudinal_3
-0.055149846444743016,-0.05606131057213441,-0.05071572966609272,-0.051783228998839345,370.8025,False,False,False,False,False,2,6.008697074753216,5.750902812532922,4.983410343084855,4.729524003518543,45.90648007294776,45.62446368916726,53.69803628850436,54.06936808796525,-155.16760687738787,-155.11172686426647,-152.9407904877126,-152.96178697230604,0.0008984914234970856,-0.0020297411498905347,-0.0030429834303112966,0.003430517359073706,55.58050150718346,55.4079268554945,70.83038255239421,70.65180858157416,4495.556112307634,4556.8395730392685,7694.5616169009145,7311.103949080249,55.49421418133898,55.49421418133898,70.74109556698419,70.74109556698419,-0.00012913873195338914,0.002362991820230275,0.0024175850146055085,-0.0024221253871412425,-0.00012913873195338914,-0.002362991820230275,0.0024175850146055085,0.0024221253871412425,-0.04696062836281811,0.10605110720135613,0.15902799242608978,-0.17923694691520353,-52.26607010130319,-52.24851531873809,-52.26039024355286,-52.24758397648938
